{
  "port": 3000,
  "dbAdr": "mongodb://localhost:27017/tz_backend",
  "secret": "FaqatMenBilaman",
  "expire": "10 days",
  "access_key": "accesuchunyashirinkalit",
  "refresh_key": "refreshuchunyashirinkalit",
  "access_time": "50m",
  "refresh_time": "30d",
  "refresh_ms": 2592000000,
  "smtp_password": "cttaycpacsexicpr",
  "smtp_user": "jamalovn07@gmail.com",
  "smtp_port": 587,
  "smtp_host": "smtp.gmail.com",
  "api_url": "http://localhost:3000",
  "stripe_secret_key": "wwertyytewq1212ssdsds",
  "db_host": "localhost",
  "db_port": "5432",
  "db_name": "tz_backend",
  "db_username": "postgres",
  "db_password": "jamalov"
}
